Datum;Riksbankscertifikat (mdkr);Reserver (mdkr);Räntefri inlåning (mdkr);Finjusterade transaktioner (mdkr)
2018-12-18;353.3;0.2;;56.588
2019-01-08;390.8;0.3;;104.961
2019-01-15;443.6;0.2;;69.081
2019-01-22;413.0;0.3;;49.409
2019-01-29;420.3;0.2;;43.825
2019-02-05;455.0;0.3;;10.376
2019-02-12;441.0;0.3;;24.944
2019-02-19;378.7;0.3;;88.426
2019-02-26;401.7;0.3;;67.227
2019-03-05;408.2;0.3;;60.853
2019-03-12;409.3;0.3;;10.354
2019-03-19;411.5;0.3;;10.09
2019-03-26;412.2;0.3;;10.09
2019-04-02;319.0;0.3;;10.166
2019-04-09;333.0;0.2;;104.28
2019-04-16;377.55;0.2;;91.039
2019-04-23;355.6;0.2;;46.111
2019-05-07;397.4;0.2;;69.873
2019-05-14;419.0;0.2;;10.414
2019-05-21;420.0;0.2;;10.152
2019-05-28;403.5;0.3;;27.292
2019-06-04;362.275;0.3;;60.626
2019-06-11;389.1;0.3;;33.624
2019-06-18;374.5;0.3;;33.624
2019-06-25;413.5;0.4;;48.764
2019-07-02;411.5;0.3;;10.109
2019-07-09;379.2;0.3;;15.889
2019-07-16;368.301;0.3;;44.068
2019-07-23;383.35;0.3;;54.931
2019-07-30;387.75;0.3;;35.076
2019-08-06;369.35;0.3;;53.849
2019-08-13;413.0;0.3;;10.495
2019-08-20;401.9;0.3;;22.149
2019-08-27;414.5;0.3;;10.549
2019-09-03;416.8;0.3;;10.549
2019-09-10;360.0;0.3;;10.624
2019-09-17;390.1;0.3;;67.855
2019-09-24;415.8;0.4;;39.915
2019-10-01;420.7;6.0;;22.029
2019-10-08;387.0;0.4;;
2019-10-15;389.0;46.8;;
2019-10-22;380.5;54.9;;
2019-10-29;380.0;54.9;;
2019-11-12;380.2;55.0;;
2019-11-19;381.1;54.8;;
2019-11-26;378.5;54.8;;
2019-12-03;379.5;58.5;;
2019-12-17;334.9;56.0;;
2020-01-07;362.4;122.1;;
2020-01-21;364.0;75.2;;
2020-01-28;365.8;74.8;;
2020-02-11;368.7;75.0;;
2020-02-18;369.1;75.0;;
2020-02-25;369.8;74.5;;
2020-03-03;369.5;74.4;;
2020-03-10;346.2;75.1;;
2020-03-17;347.0;104.8;;
2020-03-24;370.45;144.9;;
2020-03-31;382.2;211.2;;
2020-04-07;383.5;251.2;;
2020-04-14;382.0;284.5;;
2020-04-21;381.5;294.3;;
2020-04-28;380.0;308.6;;
2020-05-05;380.0;338.1;;
2020-05-12;380.0;347.3;;
2020-05-19;380.0;361.8;;
2020-05-26;380.0;361.8;;
2020-06-02;380.0;362.0;;
2020-06-09;380.0;366.5;;
2020-06-16;380.0;379.4;;
2020-06-30;380.0;374.4;;
2020-07-07;380.0;374.8;;
2020-07-14;380.0;381.2;;
2020-07-21;380.0;384.0;;
2020-07-28;380.0;390.0;;
2020-08-04;380.0;393.7;;
2020-08-11;380.0;402.3;;
2020-08-18;380.0;402.3;;
2020-08-25;380.0;410.7;;
2020-09-01;380.0;424.6;;
2020-09-08;380.0;432.0;;
2020-09-15;380.0;440.5;;
2020-09-22;380.0;447.5;;
2020-09-29;380.0;454.6;;
2020-10-06;380.0;469.1;;
2020-10-13;380.0;479.6;;
2020-10-14;363.4;479.6;;
2020-10-20;380.0;489.0;;
2020-10-27;380.0;497.8;;
2020-11-03;380.0;497.8;;
2020-12-15;380.0;481.1;;
2021-02-09;380.0;533.7;;
2021-03-16;380.0;604.7;;
2021-03-23;380.0;616.3;;
2021-03-30;380.0;538.7;;
2021-04-06;380.0;518.7;;
2021-04-13;380.0;515.5;;
2021-04-20;380.0;527.1;;
2021-04-27;380.0;537.8;;
2021-05-04;460.0;462.4;;
2021-05-11;465.0;468.2;;
2021-05-18;467.0;468.2;;
2021-06-01;476.0;481.5;;
2021-06-08;483.0;489.0;;
2021-06-15;484.0;492.7;;
2021-06-22;490.0;489.3;;
2021-06-29;491.0;491.6;;
2021-07-06;496.0;495.5;;
2021-07-13;501.0;500.7;;
2021-07-20;505.0;504.7;;
2021-07-27;505.0;505.8;;
2021-08-03;506.0;505.8;;
2021-08-10;507.0;506.8;;
2021-08-17;507.0;507.5;;
2021-08-24;512.0;515.0;;
2021-08-31;517.0;521.7;;
2021-09-07;523.0;529.0;;
2021-09-14;522.0;523.8;;
2021-09-21;526.0;529.1;;
2021-09-28;533.0;534.9;;
2021-10-05;537.0;540.0;;
2021-10-12;543.0;544.9;;
2021-10-19;546.0;550.1;;
2021-10-26;551.0;550.1;;
2021-11-02;555.0;552.4;;
2021-11-09;559.0;560.3;;
2021-11-16;564.0;567.8;;
2021-11-23;569.0;573.1;;
2021-11-30;570.0;571.3;;
2021-12-07;557.0;577.3;;
2021-12-14;560.0;561.3;;
2021-12-21;565.0;565.0;;
2021-12-28;565.0;588.1;;
2022-01-04;562.0;571.1;;
2022-01-11;567.0;571.7;;
2022-01-18;570.0;571.7;;
2022-01-25;574.0;572.2;;
2022-02-01;577.0;579.0;;
2022-02-08;580.0;581.1;;
2022-02-15;582.0;584.1;;
2022-02-22;585.0;586.3;;
2022-03-01;589.0;591.1;;
2022-03-08;589.0;588.1;;
2022-03-15;586.0;594.4;;
2022-03-22;588.0;590.3;;
2022-03-29;589.0;590.2;;
2022-04-05;585.0;599.2;;
2022-04-12;588.0;590.8;;
2022-04-19;589.0;591.9;;
2022-04-26;592.0;591.9;;
2022-05-03;596.0;596.4;;
2022-05-10;599.0;598.4;;
2022-05-17;601.0;603.2;;
2022-05-24;603.0;602.0;;
2022-05-31;560.0;605.1;;
2022-06-07;563.0;564.5;;
2022-06-14;553.0;554.9;;
2022-06-21;555.0;557.7;;
2022-06-28;558.0;559.8;;
2022-07-05;560.0;561.9;;
2022-07-12;562.0;564.1;;
2022-07-19;561.0;562.9;;
2022-07-26;563.0;562.9;;
2022-08-02;564.0;564.6;;
2022-08-09;566.0;565.9;;
2022-08-16;568.0;569.4;;
2022-08-23;570.0;571.5;;
2022-08-30;572.0;571.9;;
2022-09-06;573.0;574.4;;
2022-09-13;575.0;577.7;;
2022-09-20;567.0;567.5;;
2022-09-27;569.0;569.3;;
2022-10-04;570.0;573.1;;
2022-10-11;573.0;575.7;;
2022-10-18;576.0;575.7;;
2022-10-25;578.0;576.8;;
2022-11-01;580.0;581.2;;
2022-11-08;582.0;582.7;;
2022-11-15;584.0;584.6;;
2022-11-22;586.0;585.6;;
2022-11-29;588.0;587.1;;
2022-12-06;589.0;589.0;;
2022-12-13;591.0;592.7;;
2022-12-20;582.0;584.1;;
2022-12-27;584.0;574.3;;
2023-01-03;581.0;574.3;;
2023-01-10;585.0;588.3;;
2023-01-17;586.0;585.9;;
2023-01-24;586.0;585.8;;
2023-01-31;587.0;586.1;;
2023-02-07;587.0;585.7;;
2023-02-14;945.7;207.3;;
2023-02-21;917.2;221.8;;
2023-02-28;952.95;186.0;;
2023-03-07;1046.8;93.2;;
2023-03-14;897.185;226.8;;
2023-03-21;913.595;210.4;;
2023-03-28;953.192;169.8;;
2023-04-04;935.7;186.3;;
2023-04-11;963.85;158.1;;
2023-04-18;987.1;134.9;;
2023-04-25;973.8;148.2;;
2023-05-02;962.35;159.6;;
2023-05-09;978.5;140.5;;
2023-05-16;1009.45;129.5;;
2023-05-23;994.75;144.2;;
2023-05-30;962.875;158.1;;
2023-06-05;954.375;165.6;;
2023-06-13;954.736;164.3;;
2023-06-20;915.9;194.1;;
2023-06-27;942.6;167.4;;
2023-07-04;973.45;139.5;;
2023-07-11;987.75;126.2;;
2023-07-18;957.66;158.3;;
2023-07-25;950.0;167.0;;
2023-08-01;976.7;141.3;;
2023-08-15;1024.51;96.5;;
2023-08-22;936.19;185.8;;
2023-08-29;972.77;149.2;;
2023-09-05;994.4;126.6;;
2023-09-12;975.452;145.5;;
2023-09-19;949.2;145.8;;
2023-09-26;1020.8;74.2;;
2023-10-03;979.9;114.1;;
2023-10-10;948.4;146.6;;
2023-10-17;995.35;98.6;;
2023-10-24;924.65;169.4;;
2023-10-31;940.4;152.6;;
2023-11-07;922.45;97.5;;
2023-11-14;832.4;186.6;;
2023-11-21;902.85;117.1;;
2023-11-28;923.6;93.4;;
2023-12-05;900.15;116.9;;
2023-12-12;920.35;94.6;;
2023-12-19;740.9;249.1;;
2024-01-02;846.3;145.7;;
2024-01-09;869.8;122.2;;
2024-01-16;886.95;105.0;;
2024-01-23;947.2;43.8;;
2024-01-30;852.35;138.6;;
2024-02-06;842.25;146.8;;
2024-02-13;802.5;186.5;;
2024-02-20;877.85;108.1;;
2024-02-27;791.15;175.9;;
2024-03-05;831.15;130.9;;
2024-03-12;837.101;120.9;;
2024-03-19;797.55;158.5;;
2024-03-26;755.2;199.8;;
2024-04-02;853.0;98.0;;
2024-04-09;820.3;131.7;;
2024-04-16;785.9;163.1;;
2024-04-23;789.1;156.9;;
2024-05-07;818.0;129.0;;
2024-05-14;771.35;172.6;;
2024-05-21;792.4;152.6;;
2024-05-28;798.95;151.0;;
2024-06-04;860.5;89.0;;
2024-06-11;790.95;149.0;;
2024-06-18;801.8;135.2;;
2024-06-25;748.6;183.4;;
2024-07-02;819.55;119.5;;
2024-07-09;828.4;106.6;;
2024-07-16;751.9;184.1;;
2024-07-23;843.45;97.5;;
2024-07-30;825.6;109.4;;
2024-08-06;774.1;162.9;;
2024-08-13;845.4;93.6;;
2024-08-20;779.7;162.3;;
2024-08-27;780.35;161.6;;
2024-09-03;861.7;79.3;;
2024-09-10;775.85;166.1;;
2024-09-17;769.45;124.5;;
2024-09-24;783.88;86.1;;
2024-10-01;766.45;79.5;;
2024-10-08;726.6;119.4;;
2024-10-15;795.0;49.0;;
2024-10-22;695.15;147.9;;
2024-10-29;794.35;47.6;;
2024-11-05;764.6;73.4;;
2024-11-12;770.15;64.9;;
2024-11-19;738.5;97.5;;
2024-11-26;682.66;135.3;;
2024-12-03;777.57;38.4;;
2024-12-10;655.9;156.1;;
2024-12-17;554.45;237.5;;
2025-01-07;647.75;142.2;;
2025-01-14;675.1;115.9;;
2025-01-21;650.4;139.6;;
2025-01-28;669.25;121.8;;
2025-02-04;646.45;140.5;;
2025-02-11;655.2;132.8;;
2025-02-18;660.25;125.8;;
2025-02-25;629.65;156.4;;
2025-03-04;675.3;105.7;;
2025-03-11;627.7;156.3;;
2025-03-18;718.7;63.3;;
2025-03-25;605.4;175.6;;
2025-04-01;629.15;146.9;;
2025-04-08;589.75;187.2;;
2025-04-15;631.85;143.1;;
2025-04-22;616.3;158.7;;
2025-04-29;663.25;111.8;;
2025-05-06;675.8;34.2;;
2025-05-13;609.15;97.9;;
2025-05-20;611.6;94.4;;
2025-05-27;592.9;95.1;;
2025-06-03;629.85;61.1;;
2025-06-10;557.75;117.2;;
2025-06-17;519.2;142.8;;
2025-06-24;553.45;104.5;;
2025-07-01;532.45;124.5;;
2025-07-08;514.4;142.6;;
2025-07-15;540.9;115.1;;
2025-07-22;541.45;116.5;;
2025-07-29;529.4;130.6;;
2025-08-05;546.1;114.9;;
2025-08-12;612.85;48.1;;
2025-08-19;540.1;120.9;;
2025-08-26;570.0;91.0;;
2025-09-02;502.6;137.4;;
2025-09-09;532.15;106.9;;
2025-09-16;413.1;198.9;;
2025-09-23;481.8;130.2;;
2025-09-30;460.4;149.6;;
2025-10-07;526.4;82.6;;
2025-10-14;428.9;137.1;40.055;
2025-10-21;476.9;89.1;40.055;
2025-11-04;408.4;157.6;40.055;
2025-11-11;363.35;198.6;40.055;
2025-11-18;430.7;131.3;40.055;
2025-11-25;427.05;132.0;40.055;
2025-12-02;416.0;140.0;40.055;
2025-12-09;479.4;73.6;40.055;
2025-12-16;382.0;155.0;40.055;
2026-01-05;451.4;86.6;40.055;
2026-01-13;453.6;84.4;40.055;
2026-01-20;503.4;35.6;40.055;
2026-01-27;470.2;67.8;40.055;
2026-02-03;416.6;104.4;40.055;
2026-02-10;458.3;62.7;40.055;
2026-02-17;358.6;162.4;40.055;
2026-02-24;398.7;123.3;40.055;
2026-03-03;370.9;150.1;40.055;
