Datum;Lån;Bid-to-cover;Budvolym (Mkr);Tilldelad volym (Mkr);Löptid (år)
2023-04-04;1053;2.68;1005;375;15.99
2023-04-04;1056;2.67;3000;1125;9.16
2023-04-21;1056;5.21;3910;750;9.11
2023-04-21;1061;5.47;4101;750;5.85
2023-05-05;1060;4.33;3250;750;5.02
2023-05-05;1062;5.06;3796;750;8.02
2023-05-17;1053;6.04;4531;750;15.87
2023-05-17;1061;7.7;5772;750;5.78
2023-06-02;1053;2.71;2035;750;15.83
2023-06-02;1062;5.3;3977;750;7.94
2023-06-16;1060;3.26;2445;750;4.91
2023-06-16;1061;3.13;2350;750;5.69
2023-09-08;1053;3.91;1955;500;16.27
2023-09-08;1061;2.77;2216;800;6.18
2023-09-08;1062;4.01;3205;800;7.68
2023-09-22;1053;4.77;2385;500;16.23
2023-09-22;1056;4.25;3400;800;8.69
2023-09-22;1060;3.12;2500;800;4.64
2023-10-06;1053;2.73;2455;900;16.19
2023-10-06;1061;4.35;4346;1000;6.1
2023-10-06;1063;3.75;750;200;22.13
2023-10-20;1056;7.43;2230;300;8.61
2023-10-20;1061;3.22;2900;900;6.06
2023-10-20;1062;3.94;3550;900;8.27
2023-11-02;1056;4.83;4350;900;9.29
2023-11-02;1062;4.06;3650;900;8.24
2023-11-02;1063;2.33;700;300;22.06
2023-11-17;1061;2.53;3800;1500;5.99
2023-11-17;1062;3.92;2350;600;8.2
2023-12-01;1053;4.15;4560;1100;16.04
2023-12-01;1060;3.92;3925;1000;5.16
2023-12-15;1053;5.66;3965;700;16.0
2023-12-15;1061;4.83;3380;700;5.91
2023-12-15;1062;4.37;3060;700;8.12
2024-01-12;1053;6.13;3066;500;15.22
2024-01-12;1056;7.94;3970;500;7.68
2024-01-12;1061;5.66;6231;1100;5.12
2024-01-26;1056;5.29;3700;700;7.64
2024-01-26;1060;2.86;2000;700;4.29
2024-01-26;1062;3.79;2650;700;7.29
2024-02-09;1053;4.52;4069;900;15.14
2024-02-09;1060;3.78;3400;900;4.26
2024-02-09;1062;3.78;3400;900;7.26
2024-02-23;1056;3.48;4170;1200;8.27
2024-02-23;1061;3.12;3750;1200;5.01
2024-02-23;1063;3.2;1920;600;21.04
2024-03-08;1053;4.84;4360;900;15.06
2024-03-08;1060;3.89;3500;900;4.18
2024-03-08;1062;3.89;3500;900;7.18
2024-03-22;1056;3.25;3250;1000;8.19
2024-03-22;1059;5.3;5300;1000;1.93
2024-03-22;1061;3.1;3100;1000;4.93
2024-04-05;1053;6.11;5496;900;14.99
2024-04-05;1060;2.56;2300;900;4.1
2024-04-05;1062;3.22;2900;900;7.1
2024-04-19;1056;4.9;4900;1000;8.12
2024-04-19;1060;3.35;3350;1000;4.06
2024-04-19;1062;3.8;3800;1000;7.06
2024-05-03;1059;3.1;3100;1000;1.81
2024-05-03;1063;3.88;3492;900;20.85
2024-05-17;1060;3.75;3750;1000;3.99
2024-05-17;1061;4.51;4060;900;4.78
2024-05-31;1056;3.56;3200;900;8.0
2024-05-31;1059;4.45;4450;1000;1.74
2024-06-14;1053;4.85;2425;500;14.79
2024-06-14;1060;2.8;2800;1000;3.91
2024-06-14;1061;3.1;4650;1500;4.7
2024-06-28;1053;3.74;2616;700;14.76
2024-06-28;1060;2.3;2300;1000;3.87
2024-06-28;1062;3.15;3150;1000;6.87
2024-09-06;1060;1.88;3750;2000;3.68
2024-09-06;1062;2.75;2750;1000;6.68
2024-09-20;1056;1.88;2250;1200;7.7
2024-09-20;1061;3.62;2715;750;5.14
2024-10-04;1053;2.17;2170;1000;15.2
2024-10-04;1059;2.68;5357;2000;2.11
2024-10-18;1056;1.95;2335;1200;7.62
2024-10-18;1061;1.6;2400;1500;5.07
2024-11-15;1060;3.62;3620;1000;4.2
2024-11-15;1062;3.37;3370;1000;7.2
2024-11-15;1063;4.31;4310;1000;21.02
2024-11-29;1053;3.05;4575;1500;15.05
2024-11-29;1061;4.68;5615;1200;4.95
2024-12-10;1056;2.73;3740;1370;8.19
2024-12-10;1059;1.0;575;575;1.92
2024-12-10;1063;2.8;2795;1000;20.96
2024-12-13;1053;4.46;4460;1000;15.01
2024-12-13;1061;3.79;6445;1700;4.91
2025-01-10;1053;3.36;3360;1000;14.22
2025-01-10;1061;3.56;6050;1700;4.13
2025-01-24;1060;1.62;2425;1500;3.3
2025-01-24;1062;2.6;3900;1500;6.3
2025-02-07;1061;17.67;1590;90;4.05
2025-02-07;1063;1.98;3960;2000;20.09
2025-02-21;1056;4.0;2800;700;7.28
2025-02-21;1060;4.14;4225;1020;3.22
2025-03-07;1053;4.8;4800;1000;14.06
2025-03-07;1056;3.03;1437;475;7.23
2025-03-07;1062;1.48;1150;775;6.18
2025-03-21;1060;1.0;1200;1200;3.14
2025-03-21;1062;2.06;3097;1500;6.14
2025-04-04;1053;3.27;4910;1500;13.99
2025-04-04;1060;5.07;7600;1500;3.11
2025-04-25;1060;2.41;3500;1450;3.05
2025-04-25;1062;3.0;3750;1250;6.05
2025-05-16;1060;1.63;1550;950;2.99
2025-05-16;1062;3.88;3875;1000;5.99
2025-05-16;1063;4.8;5035;1050;19.81
2025-05-30;1056;3.6;4325;1200;7.0
2025-05-30;1061;4.15;6225;1500;3.74
2025-06-17;1056;3.67;3670;1000;6.96
2025-06-17;1061;2.56;4350;1700;3.69
2025-06-27;1060;3.55;7100;2000;2.88
2025-06-27;1062;7.12;7125;1000;5.88
2025-09-05;1056;2.88;4325;1500;6.74
2025-09-05;1060;4.47;6700;1500;2.69
2025-09-19;1053;1.89;1320;700;14.24
2025-09-19;1061;1.8;1620;900;4.15
2025-10-03;1056;2.35;3525;1500;6.66
2025-10-03;1060;3.43;5150;1500;3.32
2025-10-17;1053;4.05;3140;775;14.16
2025-10-17;1061;2.06;3975;1925;4.07
2025-11-14;1060;2.63;3950;1500;3.21
2025-11-14;1062;3.18;4775;1500;6.21
2025-11-28;1061;1.69;3047;1800;3.96
2025-11-28;1062;3.08;2775;900;6.17
2025-12-12;1060;2.56;2050;800;3.13
2025-12-12;1061;3.68;8100;2200;3.92
2025-12-16;1061;4.33;1300;300;3.91
2025-12-16;1062;5.8;2321;400;6.12
